-- phpMyAdmin SQL Dump
-- version 4.2.11
-- http://www.phpmyadmin.net
--
-- Host: 127.0.0.1
-- Generation Time: Apr 04, 2015 at 10:05 AM
-- Server version: 5.6.21
-- PHP Version: 5.6.3



/*!40101 SET @OLD_CHARACTER_SET_CLIENT=@@CHARACTER_SET_CLIENT */;
/*!40101 SET @OLD_CHARACTER_SET_RESULTS=@@CHARACTER_SET_RESULTS */;
/*!40101 SET @OLD_COLLATION_CONNECTION=@@COLLATION_CONNECTION */;
/*!40101 SET NAMES utf8 */;

--
-- Database: `firstbank`
--

--
-- Dumping data for table `fbq_answers`
--

INSERT INTO `fbq_answers` (`id`, `question_id`, `sub_question_id`, `option_id`, `answer_type`, `created_at`, `updated_at`, `deleted_at`) VALUES
(1, 1, NULL, 2, 'radio', '2015-01-03 12:18:18', '2015-03-05 07:56:52', '2015-03-05 07:56:52'),
(2, 1, NULL, 3, 'radio', '2015-01-03 12:18:19', '2015-03-05 07:56:52', '2015-03-05 07:56:52'),
(3, 1, NULL, 5, 'radio', '2015-01-03 12:18:19', '2015-03-05 07:56:53', '2015-03-05 07:56:53'),
(4, 1, NULL, 6, 'radio', '2015-01-03 12:18:19', '2015-03-05 07:56:53', '2015-03-05 07:56:53'),
(5, 2, NULL, 2, 'radio', '2015-01-03 12:19:46', '2015-03-05 07:56:55', '2015-03-05 07:56:55'),
(6, 2, NULL, 3, 'radio', '2015-01-03 12:19:46', '2015-03-05 07:56:55', '2015-03-05 07:56:55'),
(7, 2, NULL, 5, 'radio', '2015-01-03 12:19:46', '2015-03-05 07:56:55', '2015-03-05 07:56:55'),
(8, 2, NULL, 6, 'radio', '2015-01-03 12:19:46', '2015-03-05 07:56:56', '2015-03-05 07:56:56'),
(9, 3, NULL, 4, 'radio', '2015-01-03 16:52:45', '2015-03-05 07:57:00', '2015-03-05 07:57:00'),
(10, 3, NULL, 1, 'radio', '2015-01-03 16:52:45', '2015-03-05 07:57:00', '2015-03-05 07:57:00'),
(11, 4, NULL, 0, 'opentext', '2015-01-03 17:41:28', '2015-01-11 20:44:39', '2015-01-11 20:44:39'),
(12, 4, NULL, 0, 'opentext', '2015-01-03 17:41:29', '2015-01-11 20:44:39', '2015-01-11 20:44:39'),
(13, 4, NULL, 0, 'opentext', '2015-01-03 17:41:29', '2015-01-11 20:44:39', '2015-01-11 20:44:39'),
(14, 4, NULL, 0, 'opentext', '2015-01-03 17:41:29', '2015-01-11 20:44:39', '2015-01-11 20:44:39'),
(15, 4, NULL, 0, 'opentext', '2015-01-03 17:41:29', '2015-01-11 20:44:40', '2015-01-11 20:44:40'),
(16, 4, NULL, 0, 'opentext', '2015-01-03 17:41:29', '2015-01-11 20:44:40', '2015-01-11 20:44:40'),
(17, 5, 1, 4, 'radio', '2015-01-03 17:47:28', '2015-01-03 18:24:14', '2015-01-03 18:24:14'),
(18, 5, 1, 1, 'radio', '2015-01-03 17:47:28', '2015-01-03 18:24:14', '2015-01-03 18:24:14'),
(19, 6, NULL, 0, 'opentext', '2015-01-03 17:50:51', '2015-01-03 18:24:23', '2015-01-03 18:24:23'),
(20, 7, NULL, 4, 'radio', '2015-01-03 17:56:01', '2015-01-03 18:24:30', '2015-01-03 18:24:30'),
(21, 7, NULL, 1, 'radio', '2015-01-03 17:56:01', '2015-01-03 18:24:30', '2015-01-03 18:24:30'),
(22, 8, NULL, 4, 'radio', '2015-01-03 17:58:59', '2015-01-03 18:24:37', '2015-01-03 18:24:37'),
(23, 8, NULL, 1, 'radio', '2015-01-03 17:58:59', '2015-01-03 18:24:38', '2015-01-03 18:24:38'),
(24, 5, 2, 4, 'radio', '2015-01-03 18:24:14', '2015-03-05 07:57:16', '2015-03-05 07:57:16'),
(25, 5, 2, 1, 'radio', '2015-01-03 18:24:14', '2015-03-05 07:57:16', '2015-03-05 07:57:16'),
(26, 6, NULL, 0, 'opentext', '2015-01-03 18:24:23', '2015-03-05 07:57:20', '2015-03-05 07:57:20'),
(27, 7, NULL, 4, 'radio', '2015-01-03 18:24:30', '2015-03-05 07:57:23', '2015-03-05 07:57:23'),
(28, 7, NULL, 1, 'radio', '2015-01-03 18:24:30', '2015-03-05 07:57:23', '2015-03-05 07:57:23'),
(29, 8, NULL, 4, 'radio', '2015-01-03 18:24:38', '2015-03-05 07:57:26', '2015-03-05 07:57:26'),
(30, 8, NULL, 1, 'radio', '2015-01-03 18:24:38', '2015-03-05 07:57:26', '2015-03-05 07:57:26'),
(31, 9, NULL, 4, 'radio', '2015-01-03 18:25:39', '2015-01-16 09:44:58', '2015-01-16 09:44:58'),
(32, 9, NULL, 1, 'radio', '2015-01-03 18:25:39', '2015-01-16 09:44:58', '2015-01-16 09:44:58'),
(33, 10, NULL, 5, 'checkbox', '2015-01-05 12:21:26', '2015-03-05 07:57:08', '2015-03-05 07:57:08'),
(34, 10, NULL, 4, 'checkbox', '2015-01-05 12:21:26', '2015-03-05 07:57:08', '2015-03-05 07:57:08'),
(35, 4, NULL, 0, 'opentext', '2015-01-11 20:44:40', '2015-03-05 07:57:04', '2015-03-05 07:57:04'),
(36, 4, NULL, 0, 'opentext', '2015-01-11 20:44:40', '2015-03-05 07:57:04', '2015-03-05 07:57:04'),
(37, 11, 3, 4, 'radio', '2015-01-12 20:42:13', '2015-03-05 07:57:10', '2015-03-05 07:57:10'),
(38, 11, 3, 3, 'radio', '2015-01-12 20:42:13', '2015-03-05 07:57:10', '2015-03-05 07:57:10'),
(39, 11, 4, 2, 'checkbox', '2015-01-12 20:42:13', '2015-03-05 07:57:10', '2015-03-05 07:57:10'),
(40, 11, 4, 6, 'checkbox', '2015-01-12 20:42:13', '2015-03-05 07:57:11', '2015-03-05 07:57:11'),
(41, 11, 5, NULL, 'opentext', '2015-01-12 20:42:13', '2015-03-05 07:57:11', '2015-03-05 07:57:11'),
(42, 12, NULL, 3, 'checkbox', '2015-01-14 22:02:59', '2015-03-05 07:56:58', '2015-03-05 07:56:58'),
(43, 12, NULL, 5, 'checkbox', '2015-01-14 22:02:59', '2015-03-05 07:56:58', '2015-03-05 07:56:58'),
(44, 9, NULL, 4, 'radio', '2015-01-16 09:44:58', '2015-03-05 07:57:30', '2015-03-05 07:57:30'),
(45, 9, NULL, 1, 'radio', '2015-01-16 09:44:58', '2015-03-05 07:57:30', '2015-03-05 07:57:30'),
(46, 13, NULL, 0, 'opentext', '2015-03-06 09:18:18', '2015-03-06 09:18:18', NULL),
(47, 14, 6, NULL, 'doubleopentext', '2015-03-06 20:17:26', '2015-03-06 20:17:26', NULL),
(48, 14, 6, NULL, 'doubleopentext', '2015-03-06 20:17:26', '2015-03-06 20:17:26', NULL),
(49, 14, 6, NULL, 'doubleopentext', '2015-03-06 20:17:26', '2015-03-06 20:17:26', NULL),
(50, 14, 6, NULL, 'doubleopentext', '2015-03-06 20:17:26', '2015-03-06 20:17:26', NULL),
(51, 15, 7, 4, 'radio', '2015-03-07 09:14:44', '2015-03-07 09:14:44', NULL),
(52, 15, 7, 1, 'radio', '2015-03-07 09:14:44', '2015-03-07 09:14:44', NULL),
(53, 15, 8, 2, 'radio', '2015-03-07 09:14:44', '2015-03-07 09:14:44', NULL),
(54, 15, 8, 6, 'radio', '2015-03-07 09:14:44', '2015-03-07 09:14:44', NULL);

--
-- Dumping data for table `fbq_branches`
--

INSERT INTO `fbq_branches` (`id`, `name`, `token`, `note`, `active`, `rank`, `created_at`, `updated_at`, `deleted_at`) VALUES
(1, 'Ikeja', 22952, '', 1, 31, '2015-01-03 12:11:36', '2015-03-06 09:19:50', NULL),
(2, 'Asokoro', 272600, '', 1, 9, '2015-01-03 12:11:36', '2015-01-28 02:43:53', NULL),
(3, 'Berger', 942649, '', 1, 31, '2015-01-03 12:11:36', '2015-01-28 23:57:10', NULL),
(4, 'Ido', 325460, '', 1, 0, '2015-01-03 12:11:36', '2015-03-05 08:23:02', NULL),
(5, 'Eko', 610269, '', 1, 0, '2015-01-03 12:11:36', '2015-03-05 08:23:03', NULL);

--
-- Dumping data for table `fbq_migrations`
--

INSERT INTO `fbq_migrations` (`migration`, `batch`) VALUES
('2014_10_22_043959_confide_setup_users_table', 1),
('2014_10_22_201727_create_branches_table', 1),
('2014_10_22_203426_create_questions_table', 1),
('2014_10_29_143130_create_sub_questions_table', 1),
('2014_10_29_143422_create_answers_table', 1),
('2014_11_04_031625_create_records_table', 1),
('2014_11_24_143921_create_staffs_table', 1),
('2014_12_01_093728_create_questionnairecategories_table', 1),
('2014_12_01_210033_create_questionnairesubcategories_table', 1),
('2014_12_09_235716_create_options_table', 1);

--
-- Dumping data for table `fbq_options`
--

INSERT INTO `fbq_options` (`id`, `name`, `alias`, `created_at`, `updated_at`, `deleted_at`) VALUES
(1, 'No', 0, '2015-01-03 12:13:22', '2015-01-03 12:13:22', NULL),
(2, 'Poor', 1, '2015-01-03 12:13:39', '2015-01-03 12:13:39', NULL),
(3, 'Fair', 2, '2015-01-03 12:13:53', '2015-01-03 12:13:53', NULL),
(4, 'Yes', 3, '2015-01-03 12:14:02', '2015-01-03 12:14:02', NULL),
(5, 'Very good', 4, '2015-01-03 12:14:13', '2015-01-03 12:14:13', NULL),
(6, 'Excellent', 5, '2015-01-03 12:14:20', '2015-01-03 12:14:20', NULL);

--
-- Dumping data for table `fbq_questionnairecategories`
--

INSERT INTO `fbq_questionnairecategories` (`id`, `name`, `active`, `created_at`, `updated_at`, `deleted_at`) VALUES
(1, 'A. EXTERNAL ASSESSMENT', 1, '2015-01-03 12:15:46', '2015-03-05 07:58:18', '2015-03-05 07:58:18'),
(2, 'B. COMPETITION', 1, '2015-01-03 12:15:46', '2015-03-05 07:58:24', '2015-03-05 07:58:24'),
(3, 'C. INTERNAL ASSESSMENT', 1, '2015-01-03 12:15:46', '2015-03-05 07:58:27', '2015-03-05 07:58:27'),
(4, 'A. Competition', 1, '2015-03-05 19:26:33', '2015-03-05 19:26:33', NULL),
(5, 'B. Assessment', 1, '2015-03-05 19:26:33', '2015-03-05 19:26:33', NULL);

--
-- Dumping data for table `fbq_questionnairesubcategories`
--

INSERT INTO `fbq_questionnairesubcategories` (`id`, `questionnairecategories_id`, `name`, `active`, `created_at`, `updated_at`, `deleted_at`) VALUES
(1, 1, 'No sub-category', 1, '2015-01-03 12:15:46', '2015-03-05 07:58:18', '2015-03-05 07:58:18'),
(2, 2, 'No sub-category', 1, '2015-01-03 12:15:46', '2015-03-05 07:58:24', '2015-03-05 07:58:24'),
(3, 3, 'No sub-category', 1, '2015-01-03 12:15:47', '2015-03-05 07:58:27', '2015-03-05 07:58:27'),
(4, 1, 'Building Appeal', 1, '2015-01-03 12:16:45', '2015-03-05 07:58:09', '2015-03-05 07:58:09'),
(5, 1, 'Bank Entrance', 1, '2015-01-03 12:16:45', '2015-03-05 07:58:11', '2015-03-05 07:58:11'),
(6, 1, 'Parking Lot', 1, '2015-01-03 12:16:46', '2015-03-05 07:58:13', '2015-03-05 07:58:13'),
(7, 1, 'Security', 1, '2015-01-03 12:16:46', '2015-03-05 07:58:15', '2015-03-05 07:58:15'),
(8, 3, 'Quality of Internal', 1, '2015-01-03 18:23:57', '2015-03-05 07:58:22', '2015-03-05 07:58:22'),
(9, 4, 'No sub-category', 1, '2015-03-05 19:26:33', '2015-03-05 19:26:33', NULL),
(10, 5, 'No sub-category', 1, '2015-03-05 19:26:33', '2015-03-05 19:26:33', NULL),
(11, 4, 'Parking Lot', 1, '2015-03-05 19:28:31', '2015-03-05 19:28:31', NULL);

--
-- Dumping data for table `fbq_questions`
--

INSERT INTO `fbq_questions` (`id`, `questionnairecategories_id`, `questionnairesubcategories_id`, `label`, `question`, `has_sub_question`, `active`, `created_at`, `updated_at`, `deleted_at`) VALUES
(13, 4, 11, '1', 'List of other banks within close proximity', 0, 1, '2015-03-06 09:18:18', '2015-03-06 09:18:18', NULL),
(14, 5, 10, '1', 'Compare phone features', 1, 1, '2015-03-06 20:17:26', '2015-03-06 20:17:26', NULL),
(15, 4, 9, '2', 'Answer the followings', 1, 1, '2015-03-07 09:14:43', '2015-03-07 09:14:43', NULL);

--
-- Dumping data for table `fbq_records`
--

INSERT INTO `fbq_records` (`id`, `staff_id`, `branch_id`, `question_id`, `answer`, `subquestion`, `date`, `created_at`, `updated_at`) VALUES
(197, 3, 1, 13, '{"1":"GT Bank\\nZenith Bank"}', NULL, '2015-03-05 00:00:00', '2015-03-06 09:19:50', '2015-03-06 09:19:50');

--
-- Dumping data for table `fbq_staffs`
--

INSERT INTO `fbq_staffs` (`id`, `name`, `token`, `active`, `note`, `lock`, `created_at`, `updated_at`, `deleted_at`) VALUES
(1, 'Femi', '1757220', 1, '', 1, '2015-01-03 12:12:37', '2015-01-16 20:30:24', NULL),
(2, 'Kemi', '1215802', 1, '', 1, '2015-01-03 12:12:38', '2015-01-16 20:09:01', NULL),
(3, 'Michael', '1522428', 1, '', 1, '2015-01-03 12:12:38', '2015-01-16 20:30:29', NULL),
(4, 'Cruise', '1572301', 1, '', 1, '2015-01-03 12:12:39', '2015-01-16 20:09:03', NULL);

--
-- Dumping data for table `fbq_sub_questions`
--

INSERT INTO `fbq_sub_questions` (`id`, `question_id`, `label`, `sub_question`, `active`, `created_at`, `updated_at`, `deleted_at`) VALUES
(1, 5, '1', 'Blue Colour', 1, '2015-01-03 17:47:28', '2015-01-03 18:24:14', '2015-01-03 18:24:14'),
(2, 5, '1', 'Blue Colour', 1, '2015-01-03 18:24:14', '2015-03-05 07:57:16', '2015-03-05 07:57:16'),
(3, 11, 'A', 'Is Facebook a good social network?', 1, '2015-01-12 20:42:13', '2015-03-05 07:57:10', '2015-03-05 07:57:10'),
(4, 11, 'B', 'Pinpony baller', 1, '2015-01-12 20:42:13', '2015-03-05 07:57:10', '2015-03-05 07:57:10'),
(5, 11, 'C', 'Write about them', 1, '2015-01-12 20:42:13', '2015-03-05 07:57:10', '2015-03-05 07:57:10'),
(6, 14, 'A', 'Samsung s3:::Samsung s5', 1, '2015-03-06 20:17:26', '2015-03-06 20:17:26', NULL),
(7, 15, '1', 'Is Facebook a social network?', 1, '2015-03-07 09:14:44', '2015-03-07 09:14:44', NULL),
(8, 15, '2', 'Is laptop better than Desktop', 1, '2015-03-07 09:14:44', '2015-03-07 09:14:44', NULL);

--
-- Dumping data for table `fbq_users`
--

INSERT INTO `fbq_users` (`id`, `username`, `email`, `firstname`, `lastname`, `password`, `confirmation_code`, `remember_token`, `confirmed`, `created_at`, `updated_at`) VALUES
(1, 'bucketcodes', 'bucketcodes@yahoo.com', 'Bucket', 'Codes', '$2y$10$U8AGE03rSrjBFUlwfb.dv.ygL5VaK/rG5pfLjc7sftoPu5O5wrzPq', '845ccb5c3e96c516f11b2962543106a4', 'rEfjPvoMPqKjDfosQlJnbjwwfky0JyKZtRWlq9nWGoVYBpcxmQrkMAbwhuto', 1, '2015-01-03 08:53:32', '2015-01-19 20:02:01');

/*!40101 SET CHARACTER_SET_CLIENT=@OLD_CHARACTER_SET_CLIENT */;
/*!40101 SET CHARACTER_SET_RESULTS=@OLD_CHARACTER_SET_RESULTS */;
/*!40101 SET COLLATION_CONNECTION=@OLD_COLLATION_CONNECTION */;
